job_id,company_id,job_title,posted_date
1,1,Data Analyst,06-01-2026
2,1,Business Analyst,11-01-2026
3,2,Data Analyst,07-01-2026
4,2,Business Analyst,12-01-2026
5,3,Data Analyst,08-01-2026
6,3,Business Analyst,13-01-2026
7,4,Data Analyst,09-01-2026
8,4,Business Analyst,14-01-2026
9,5,Data Analyst,10-01-2026
10,5,Business Analyst,15-01-2026
11,6,Data Analyst,11-01-2026
12,6,Business Analyst,16-01-2026
13,7,Data Analyst,12-01-2026
14,7,Business Analyst,17-01-2026
15,8,Data Analyst,13-01-2026
16,8,Business Analyst,18-01-2026
17,9,Data Analyst,14-01-2026
18,9,Business Analyst,19-01-2026
19,10,Data Analyst,15-01-2026
20,10,Business Analyst,20-01-2026
21,11,Data Analyst,16-01-2026
22,11,Business Analyst,21-01-2026
23,12,Data Analyst,17-01-2026
24,12,Business Analyst,22-01-2026
25,13,Data Analyst,18-01-2026
26,13,Business Analyst,23-01-2026
27,14,Data Analyst,19-01-2026
28,14,Business Analyst,24-01-2026
29,15,Data Analyst,20-01-2026
30,15,Business Analyst,25-01-2026
31,16,Data Analyst,21-01-2026
32,16,Business Analyst,26-01-2026
33,17,Data Analyst,22-01-2026
34,17,Business Analyst,27-01-2026
35,18,Data Analyst,23-01-2026
36,18,Business Analyst,28-01-2026
37,19,Data Analyst,24-01-2026
38,19,Business Analyst,29-01-2026
39,20,Data Analyst,25-01-2026
40,20,Business Analyst,30-01-2026
41,21,Data Analyst,26-01-2026
42,21,Business Analyst,31-01-2026
43,22,Data Analyst,27-01-2026
44,22,Business Analyst,01-02-2026
45,23,Data Analyst,28-01-2026
46,23,Business Analyst,02-02-2026
47,24,Data Analyst,29-01-2026
48,24,Business Analyst,03-02-2026
49,25,Data Analyst,30-01-2026
50,25,Business Analyst,04-02-2026
51,26,Data Analyst,31-01-2026
52,26,Business Analyst,05-02-2026
53,27,Data Analyst,01-02-2026
54,27,Business Analyst,06-02-2026
55,28,Data Analyst,02-02-2026
56,28,Business Analyst,07-02-2026
57,29,Data Analyst,03-02-2026
58,29,Business Analyst,08-02-2026
59,30,Data Analyst,04-02-2026
60,30,Business Analyst,09-02-2026
61,31,Data Analyst,05-02-2026
62,31,Business Analyst,10-02-2026
63,32,Data Analyst,06-02-2026
64,32,Business Analyst,11-02-2026
65,33,Data Analyst,07-02-2026
66,33,Business Analyst,12-02-2026
67,34,Data Analyst,08-02-2026
68,34,Business Analyst,13-02-2026
69,35,Data Analyst,09-02-2026
70,35,Business Analyst,14-02-2026
71,36,Data Analyst,10-02-2026
72,36,Business Analyst,15-02-2026
73,37,Data Analyst,11-02-2026
74,37,Business Analyst,16-02-2026
75,38,Data Analyst,12-02-2026
76,38,Business Analyst,17-02-2026
77,39,Data Analyst,13-02-2026
78,39,Business Analyst,18-02-2026
79,40,Data Analyst,14-02-2026
80,40,Business Analyst,19-02-2026
81,41,Data Analyst,15-02-2026
82,41,Business Analyst,20-02-2026
83,42,Data Analyst,16-02-2026
84,42,Business Analyst,21-02-2026
85,43,Data Analyst,17-02-2026
86,43,Business Analyst,22-02-2026
87,44,Data Analyst,18-02-2026
88,44,Business Analyst,23-02-2026
89,45,Data Analyst,19-02-2026
90,45,Business Analyst,24-02-2026
91,46,Data Analyst,20-02-2026
92,46,Business Analyst,25-02-2026
93,47,Data Analyst,21-02-2026
94,47,Business Analyst,26-02-2026
95,48,Data Analyst,22-02-2026
96,48,Business Analyst,27-02-2026
97,49,Data Analyst,23-02-2026
98,49,Business Analyst,28-02-2026
99,50,Data Analyst,24-02-2026
100,50,Business Analyst,01-03-2026
